{"cameraMode":{"drawMode":0,"name":"Shaded","section":"Shading Mode"},"sceneLighting":false,"audioPlay":false,"sceneViewState":{"m_AlwaysRefresh":false,"showFog":true,"showSkybox":false,"showFlares":true,"showImageEffects":true,"showParticleSystems":true,"showVisualEffectGraphs":true,"m_FxEnabled":true},"in2DMode":false,"pivot":{"x":-0.0012118369340896607,"y":1.0670578479766846,"z":50.01259231567383},"rotation":{"x":-0.2654407322406769,"y":-0.03441685065627098,"z":0.009455103427171708,"w":-0.9636132717132568},"size":3.1941452026367189,"orthographic":true}